hodnota,vek_kod,vuzemi_kod,casref_do,vek_txt,vuzemi_txt
1815,95+,3018,2019-12-31,Od 95 (více nebo rovno 95),Hlavní město Praha
1218,95+,3026,2019-12-31,Od 95 (více nebo rovno 95),Středočeský kraj
658,95+,3034,2019-12-31,Od 95 (více nebo rovno 95),Jihočeský kraj
510,95+,3042,2019-12-31,Od 95 (více nebo rovno 95),Plzeňský kraj
253,95+,3051,2019-12-31,Od 95 (více nebo rovno 95),Karlovarský kraj
682,95+,3069,2019-12-31,Od 95 (více nebo rovno 95),Ústecký kraj
418,95+,3077,2019-12-31,Od 95 (více nebo rovno 95),Liberecký kraj
611,95+,3085,2019-12-31,Od 95 (více nebo rovno 95),Královéhradecký kraj
515,95+,3093,2019-12-31,Od 95 (více nebo rovno 95),Pardubický kraj
469,95+,3107,2019-12-31,Od 95 (více nebo rovno 95),Kraj Vysočina
1474,95+,3115,2019-12-31,Od 95 (více nebo rovno 95),Jihomoravský kraj
665,95+,3123,2019-12-31,Od 95 (více nebo rovno 95),Olomoucký kraj
602,95+,3131,2019-12-31,Od 95 (více nebo rovno 95),Zlínský kraj
1145,95+,3140,2019-12-31,Od 95 (více nebo rovno 95),Moravskoslezský kraj
7747,90-94,3018,2019-12-31,90 až 95 (více nebo rovno 90 a méně než 95),Hlavní město Praha
5934,90-94,3026,2019-12-31,90 až 95 (více nebo rovno 90 a méně než 95),Středočeský kraj
3161,90-94,3034,2019-12-31,90 až 95 (více nebo rovno 90 a méně než 95),Jihočeský kraj
2691,90-94,3042,2019-12-31,90 až 95 (více nebo rovno 90 a méně než 95),Plzeňský kraj
1224,90-94,3051,2019-12-31,90 až 95 (více nebo rovno 90 a méně než 95),Karlovarský kraj
3069,90-94,3069,2019-12-31,90 až 95 (více nebo rovno 90 a méně než 95),Ústecký kraj
2071,90-94,3077,2019-12-31,90 až 95 (více nebo rovno 90 a méně než 95),Liberecký kraj
3129,90-94,3085,2019-12-31,90 až 95 (více nebo rovno 90 a méně než 95),Královéhradecký kraj
2647,90-94,3093,2019-12-31,90 až 95 (více nebo rovno 90 a méně než 95),Pardubický kraj
2669,90-94,3107,2019-12-31,90 až 95 (více nebo rovno 90 a méně než 95),Kraj Vysočina
6704,90-94,3115,2019-12-31,90 až 95 (více nebo rovno 90 a méně než 95),Jihomoravský kraj
3280,90-94,3123,2019-12-31,90 až 95 (více nebo rovno 90 a méně než 95),Olomoucký kraj
3171,90-94,3131,2019-12-31,90 až 95 (více nebo rovno 90 a méně než 95),Zlínský kraj
5484,90-94,3140,2019-12-31,90 až 95 (více nebo rovno 90 a méně než 95),Moravskoslezský kraj
18474,85-89,3018,2019-12-31,85 až 90 (více nebo rovno 85 a méně než 90),Hlavní město Praha
16418,85-89,3026,2019-12-31,85 až 90 (více nebo rovno 85 a méně než 90),Středočeský kraj
8990,85-89,3034,2019-12-31,85 až 90 (více nebo rovno 85 a méně než 90),Jihočeský kraj
7873,85-89,3042,2019-12-31,85 až 90 (více nebo rovno 85 a méně než 90),Plzeňský kraj
3493,85-89,3051,2019-12-31,85 až 90 (více nebo rovno 85 a méně než 90),Karlovarský kraj
8716,85-89,3069,2019-12-31,85 až 90 (více nebo rovno 85 a méně než 90),Ústecký kraj
5477,85-89,3077,2019-12-31,85 až 90 (více nebo rovno 85 a méně než 90),Liberecký kraj
8414,85-89,3085,2019-12-31,85 až 90 (více nebo rovno 85 a méně než 90),Královéhradecký kraj
7630,85-89,3093,2019-12-31,85 až 90 (více nebo rovno 85 a méně než 90),Pardubický kraj
7453,85-89,3107,2019-12-31,85 až 90 (více nebo rovno 85 a méně než 90),Kraj Vysočina
16948,85-89,3115,2019-12-31,85 až 90 (více nebo rovno 85 a méně než 90),Jihomoravský kraj
8975,85-89,3123,2019-12-31,85 až 90 (více nebo rovno 85 a méně než 90),Olomoucký kraj
8934,85-89,3131,2019-12-31,85 až 90 (více nebo rovno 85 a méně než 90),Zlínský kraj
14794,85-89,3140,2019-12-31,85 až 90 (více nebo rovno 85 a méně než 90),Moravskoslezský kraj
26905,80-84,3018,2019-12-31,80 až 85 (více nebo rovno 80 a méně než 85),Hlavní město Praha
26631,80-84,3026,2019-12-31,80 až 85 (více nebo rovno 80 a méně než 85),Středočeský kraj
14516,80-84,3034,2019-12-31,80 až 85 (více nebo rovno 80 a méně než 85),Jihočeský kraj
13278,80-84,3042,2019-12-31,80 až 85 (více nebo rovno 80 a méně než 85),Plzeňský kraj
6641,80-84,3051,2019-12-31,80 až 85 (více nebo rovno 80 a méně než 85),Karlovarský kraj
16083,80-84,3069,2019-12-31,80 až 85 (více nebo rovno 80 a méně než 85),Ústecký kraj
8987,80-84,3077,2019-12-31,80 až 85 (více nebo rovno 80 a méně než 85),Liberecký kraj
13044,80-84,3085,2019-12-31,80 až 85 (více nebo rovno 80 a méně než 85),Královéhradecký kraj
12055,80-84,3093,2019-12-31,80 až 85 (více nebo rovno 80 a méně než 85),Pardubický kraj
12708,80-84,3107,2019-12-31,80 až 85 (více nebo rovno 80 a méně než 85),Kraj Vysočina
27306,80-84,3115,2019-12-31,80 až 85 (více nebo rovno 80 a méně než 85),Jihomoravský kraj
14947,80-84,3123,2019-12-31,80 až 85 (více nebo rovno 80 a méně než 85),Olomoucký kraj
14709,80-84,3131,2019-12-31,80 až 85 (více nebo rovno 80 a méně než 85),Zlínský kraj
26685,80-84,3140,2019-12-31,80 až 85 (více nebo rovno 80 a méně než 85),Moravskoslezský kraj
50219,75-79,3018,2019-12-31,75 až 80 (více nebo rovno 75 a méně než 80),Hlavní město Praha
47394,75-79,3026,2019-12-31,75 až 80 (více nebo rovno 75 a méně než 80),Středočeský kraj
24453,75-79,3034,2019-12-31,75 až 80 (více nebo rovno 75 a méně než 80),Jihočeský kraj
22993,75-79,3042,2019-12-31,75 až 80 (více nebo rovno 75 a méně než 80),Plzeňský kraj
11143,75-79,3051,2019-12-31,75 až 80 (více nebo rovno 75 a méně než 80),Karlovarský kraj
29644,75-79,3069,2019-12-31,75 až 80 (více nebo rovno 75 a méně než 80),Ústecký kraj
16373,75-79,3077,2019-12-31,75 až 80 (více nebo rovno 75 a méně než 80),Liberecký kraj
22755,75-79,3085,2019-12-31,75 až 80 (více nebo rovno 75 a méně než 80),Královéhradecký kraj
19784,75-79,3093,2019-12-31,75 až 80 (více nebo rovno 75 a méně než 80),Pardubický kraj
19833,75-79,3107,2019-12-31,75 až 80 (více nebo rovno 75 a méně než 80),Kraj Vysočina
47208,75-79,3115,2019-12-31,75 až 80 (více nebo rovno 75 a méně než 80),Jihomoravský kraj
25011,75-79,3123,2019-12-31,75 až 80 (více nebo rovno 75 a méně než 80),Olomoucký kraj
23075,75-79,3131,2019-12-31,75 až 80 (více nebo rovno 75 a méně než 80),Zlínský kraj
48744,75-79,3140,2019-12-31,75 až 80 (více nebo rovno 75 a méně než 80),Moravskoslezský kraj
71073,70-74,3018,2019-12-31,70 až 75 (více nebo rovno 70 a méně než 75),Hlavní město Praha
74616,70-74,3026,2019-12-31,70 až 75 (více nebo rovno 70 a méně než 75),Středočeský kraj
37327,70-74,3034,2019-12-31,70 až 75 (více nebo rovno 70 a méně než 75),Jihočeský kraj
34018,70-74,3042,2019-12-31,70 až 75 (více nebo rovno 70 a méně než 75),Plzeňský kraj
17286,70-74,3051,2019-12-31,70 až 75 (více nebo rovno 70 a méně než 75),Karlovarský kraj
48957,70-74,3069,2019-12-31,70 až 75 (více nebo rovno 70 a méně než 75),Ústecký kraj
26898,70-74,3077,2019-12-31,70 až 75 (více nebo rovno 70 a méně než 75),Liberecký kraj
33754,70-74,3085,2019-12-31,70 až 75 (více nebo rovno 70 a méně než 75),Královéhradecký kraj
29400,70-74,3093,2019-12-31,70 až 75 (více nebo rovno 70 a méně než 75),Pardubický kraj
28945,70-74,3107,2019-12-31,70 až 75 (více nebo rovno 70 a méně než 75),Kraj Vysočina
65559,70-74,3115,2019-12-31,70 až 75 (více nebo rovno 70 a méně než 75),Jihomoravský kraj
36428,70-74,3123,2019-12-31,70 až 75 (více nebo rovno 70 a méně než 75),Olomoucký kraj
32638,70-74,3131,2019-12-31,70 až 75 (více nebo rovno 70 a méně než 75),Zlínský kraj
66075,70-74,3140,2019-12-31,70 až 75 (více nebo rovno 70 a méně než 75),Moravskoslezský kraj
74933,65-69,3018,2019-12-31,65 až 70 (více nebo rovno 65 a méně než 70),Hlavní město Praha
38327,65-69,3042,2019-12-31,65 až 70 (více nebo rovno 65 a méně než 70),Plzeňský kraj
83614,65-69,3026,2019-12-31,65 až 70 (více nebo rovno 65 a méně než 70),Středočeský kraj
42727,65-69,3034,2019-12-31,65 až 70 (více nebo rovno 65 a méně než 70),Jihočeský kraj
20138,65-69,3051,2019-12-31,65 až 70 (více nebo rovno 65 a méně než 70),Karlovarský kraj
54376,65-69,3069,2019-12-31,65 až 70 (více nebo rovno 65 a méně než 70),Ústecký kraj
29682,65-69,3077,2019-12-31,65 až 70 (více nebo rovno 65 a méně než 70),Liberecký kraj
37700,65-69,3085,2019-12-31,65 až 70 (více nebo rovno 65 a méně než 70),Královéhradecký kraj
34054,65-69,3093,2019-12-31,65 až 70 (více nebo rovno 65 a méně než 70),Pardubický kraj
32214,65-69,3107,2019-12-31,65 až 70 (více nebo rovno 65 a méně než 70),Kraj Vysočina
73421,65-69,3115,2019-12-31,65 až 70 (více nebo rovno 65 a méně než 70),Jihomoravský kraj
41629,65-69,3123,2019-12-31,65 až 70 (více nebo rovno 65 a méně než 70),Olomoucký kraj
38210,65-69,3131,2019-12-31,65 až 70 (více nebo rovno 65 a méně než 70),Zlínský kraj
77902,65-69,3140,2019-12-31,65 až 70 (více nebo rovno 65 a méně než 70),Moravskoslezský kraj
69158,60-64,3018,2019-12-31,60 až 65 (více nebo rovno 60 a méně než 65),Hlavní město Praha
78773,60-64,3026,2019-12-31,60 až 65 (více nebo rovno 60 a méně než 65),Středočeský kraj
42321,60-64,3034,2019-12-31,60 až 65 (více nebo rovno 60 a méně než 65),Jihočeský kraj
36898,60-64,3042,2019-12-31,60 až 65 (více nebo rovno 60 a méně než 65),Plzeňský kraj
19144,60-64,3051,2019-12-31,60 až 65 (více nebo rovno 60 a méně než 65),Karlovarský kraj
49980,60-64,3069,2019-12-31,60 až 65 (více nebo rovno 60 a méně než 65),Ústecký kraj
25926,60-64,3077,2019-12-31,60 až 65 (více nebo rovno 60 a méně než 65),Liberecký kraj
34820,60-64,3085,2019-12-31,60 až 65 (více nebo rovno 60 a méně než 65),Královéhradecký kraj
32525,60-64,3093,2019-12-31,60 až 65 (více nebo rovno 60 a méně než 65),Pardubický kraj
33377,60-64,3107,2019-12-31,60 až 65 (více nebo rovno 60 a méně než 65),Kraj Vysočina
72838,60-64,3115,2019-12-31,60 až 65 (více nebo rovno 60 a méně než 65),Jihomoravský kraj
40488,60-64,3123,2019-12-31,60 až 65 (více nebo rovno 60 a méně než 65),Olomoucký kraj
38091,60-64,3131,2019-12-31,60 až 65 (více nebo rovno 60 a méně než 65),Zlínský kraj
77228,60-64,3140,2019-12-31,60 až 65 (více nebo rovno 60 a méně než 65),Moravskoslezský kraj
32814,55-59,3107,2019-12-31,55 až 60 (více nebo rovno 55 a méně než 60),Kraj Vysočina
71920,55-59,3115,2019-12-31,55 až 60 (více nebo rovno 55 a méně než 60),Jihomoravský kraj
39508,55-59,3123,2019-12-31,55 až 60 (více nebo rovno 55 a méně než 60),Olomoucký kraj
38318,55-59,3131,2019-12-31,55 až 60 (více nebo rovno 55 a méně než 60),Zlínský kraj
80123,55-59,3140,2019-12-31,55 až 60 (více nebo rovno 55 a méně než 60),Moravskoslezský kraj
74341,55-59,3018,2019-12-31,55 až 60 (více nebo rovno 55 a méně než 60),Hlavní město Praha
79419,55-59,3026,2019-12-31,55 až 60 (více nebo rovno 55 a méně než 60),Středočeský kraj
40318,55-59,3034,2019-12-31,55 až 60 (více nebo rovno 55 a méně než 60),Jihočeský kraj
36215,55-59,3042,2019-12-31,55 až 60 (více nebo rovno 55 a méně než 60),Plzeňský kraj
19187,55-59,3051,2019-12-31,55 až 60 (více nebo rovno 55 a méně než 60),Karlovarský kraj
50324,55-59,3069,2019-12-31,55 až 60 (více nebo rovno 55 a méně než 60),Ústecký kraj
26204,55-59,3077,2019-12-31,55 až 60 (více nebo rovno 55 a méně než 60),Liberecký kraj
33237,55-59,3085,2019-12-31,55 až 60 (více nebo rovno 55 a méně než 60),Královéhradecký kraj
31573,55-59,3093,2019-12-31,55 až 60 (více nebo rovno 55 a méně než 60),Pardubický kraj
79932,50-54,3018,2019-12-31,50 až 55 (více nebo rovno 50 a méně než 55),Hlavní město Praha
87421,50-54,3026,2019-12-31,50 až 55 (více nebo rovno 50 a méně než 55),Středočeský kraj
41401,50-54,3034,2019-12-31,50 až 55 (více nebo rovno 50 a méně než 55),Jihočeský kraj
37941,50-54,3042,2019-12-31,50 až 55 (více nebo rovno 50 a méně než 55),Plzeňský kraj
20183,50-54,3051,2019-12-31,50 až 55 (více nebo rovno 50 a méně než 55),Karlovarský kraj
53915,50-54,3069,2019-12-31,50 až 55 (více nebo rovno 50 a méně než 55),Ústecký kraj
27846,50-54,3077,2019-12-31,50 až 55 (více nebo rovno 50 a méně než 55),Liberecký kraj
35290,50-54,3085,2019-12-31,50 až 55 (více nebo rovno 50 a méně než 55),Královéhradecký kraj
32972,50-54,3093,2019-12-31,50 až 55 (více nebo rovno 50 a méně než 55),Pardubický kraj
33140,50-54,3107,2019-12-31,50 až 55 (více nebo rovno 50 a méně než 55),Kraj Vysočina
75375,50-54,3115,2019-12-31,50 až 55 (více nebo rovno 50 a méně než 55),Jihomoravský kraj
40702,50-54,3123,2019-12-31,50 až 55 (více nebo rovno 50 a méně než 55),Olomoucký kraj
38111,50-54,3131,2019-12-31,50 až 55 (více nebo rovno 50 a méně než 55),Zlínský kraj
82007,50-54,3140,2019-12-31,50 až 55 (více nebo rovno 50 a méně než 55),Moravskoslezský kraj
71009,5-9,3018,2019-12-31,5 až 10 (více nebo rovno 5 a méně než 10),Hlavní město Praha
83816,5-9,3026,2019-12-31,5 až 10 (více nebo rovno 5 a méně než 10),Středočeský kraj
33350,5-9,3034,2019-12-31,5 až 10 (více nebo rovno 5 a méně než 10),Jihočeský kraj
29823,5-9,3042,2019-12-31,5 až 10 (více nebo rovno 5 a méně než 10),Plzeňský kraj
14536,5-9,3051,2019-12-31,5 až 10 (více nebo rovno 5 a méně než 10),Karlovarský kraj
42932,5-9,3069,2019-12-31,5 až 10 (více nebo rovno 5 a méně než 10),Ústecký kraj
23697,5-9,3077,2019-12-31,5 až 10 (více nebo rovno 5 a méně než 10),Liberecký kraj
27929,5-9,3085,2019-12-31,5 až 10 (více nebo rovno 5 a méně než 10),Královéhradecký kraj
27333,5-9,3093,2019-12-31,5 až 10 (více nebo rovno 5 a méně než 10),Pardubický kraj
25748,5-9,3107,2019-12-31,5 až 10 (více nebo rovno 5 a méně než 10),Kraj Vysočina
63116,5-9,3115,2019-12-31,5 až 10 (více nebo rovno 5 a méně než 10),Jihomoravský kraj
32030,5-9,3123,2019-12-31,5 až 10 (více nebo rovno 5 a méně než 10),Olomoucký kraj
28511,5-9,3131,2019-12-31,5 až 10 (více nebo rovno 5 a méně než 10),Zlínský kraj
59565,5-9,3140,2019-12-31,5 až 10 (více nebo rovno 5 a méně než 10),Moravskoslezský kraj
102314,45-49,3018,2019-12-31,45 až 50 (více nebo rovno 45 a méně než 50),Hlavní město Praha
113245,45-49,3026,2019-12-31,45 až 50 (více nebo rovno 45 a méně než 50),Středočeský kraj
49832,45-49,3034,2019-12-31,45 až 50 (více nebo rovno 45 a méně než 50),Jihočeský kraj
46510,45-49,3042,2019-12-31,45 až 50 (více nebo rovno 45 a méně než 50),Plzeňský kraj
23722,45-49,3051,2019-12-31,45 až 50 (více nebo rovno 45 a méně než 50),Karlovarský kraj
66980,45-49,3069,2019-12-31,45 až 50 (více nebo rovno 45 a méně než 50),Ústecký kraj
35670,45-49,3077,2019-12-31,45 až 50 (více nebo rovno 45 a méně než 50),Liberecký kraj
43067,45-49,3085,2019-12-31,45 až 50 (více nebo rovno 45 a méně než 50),Královéhradecký kraj
40724,45-49,3093,2019-12-31,45 až 50 (více nebo rovno 45 a méně než 50),Pardubický kraj
38979,45-49,3107,2019-12-31,45 až 50 (více nebo rovno 45 a méně než 50),Kraj Vysočina
90734,45-49,3115,2019-12-31,45 až 50 (více nebo rovno 45 a méně než 50),Jihomoravský kraj
48950,45-49,3123,2019-12-31,45 až 50 (více nebo rovno 45 a méně než 50),Olomoucký kraj
45181,45-49,3131,2019-12-31,45 až 50 (více nebo rovno 45 a méně než 50),Zlínský kraj
93370,45-49,3140,2019-12-31,45 až 50 (více nebo rovno 45 a méně než 50),Moravskoslezský kraj
126122,40-44,3018,2019-12-31,40 až 45 (více nebo rovno 40 a méně než 45),Hlavní město Praha
129443,40-44,3026,2019-12-31,40 až 45 (více nebo rovno 40 a méně než 45),Středočeský kraj
53627,40-44,3034,2019-12-31,40 až 45 (více nebo rovno 40 a méně než 45),Jihočeský kraj
50517,40-44,3042,2019-12-31,40 až 45 (více nebo rovno 40 a méně než 45),Plzeňský kraj
24360,40-44,3051,2019-12-31,40 až 45 (více nebo rovno 40 a méně než 45),Karlovarský kraj
69525,40-44,3069,2019-12-31,40 až 45 (více nebo rovno 40 a méně než 45),Ústecký kraj
38119,40-44,3077,2019-12-31,40 až 45 (více nebo rovno 40 a méně než 45),Liberecký kraj
45546,40-44,3085,2019-12-31,40 až 45 (více nebo rovno 40 a méně než 45),Královéhradecký kraj
44450,40-44,3093,2019-12-31,40 až 45 (více nebo rovno 40 a méně než 45),Pardubický kraj
41155,40-44,3107,2019-12-31,40 až 45 (více nebo rovno 40 a méně než 45),Kraj Vysočina
102364,40-44,3115,2019-12-31,40 až 45 (více nebo rovno 40 a méně než 45),Jihomoravský kraj
53484,40-44,3123,2019-12-31,40 až 45 (více nebo rovno 40 a méně než 45),Olomoucký kraj
48180,40-44,3131,2019-12-31,40 až 45 (více nebo rovno 40 a méně než 45),Zlínský kraj
96554,40-44,3140,2019-12-31,40 až 45 (více nebo rovno 40 a méně než 45),Moravskoslezský kraj
114251,35-39,3018,2019-12-31,35 až 40 (více nebo rovno 35 a méně než 40),Hlavní město Praha
102595,35-39,3026,2019-12-31,35 až 40 (více nebo rovno 35 a méně než 40),Středočeský kraj
43568,35-39,3034,2019-12-31,35 až 40 (více nebo rovno 35 a méně než 40),Jihočeský kraj
42452,35-39,3042,2019-12-31,35 až 40 (více nebo rovno 35 a méně než 40),Plzeňský kraj
19254,35-39,3051,2019-12-31,35 až 40 (více nebo rovno 35 a méně než 40),Karlovarský kraj
55492,35-39,3069,2019-12-31,35 až 40 (více nebo rovno 35 a méně než 40),Ústecký kraj
30549,35-39,3077,2019-12-31,35 až 40 (více nebo rovno 35 a méně než 40),Liberecký kraj
35859,35-39,3085,2019-12-31,35 až 40 (více nebo rovno 35 a méně než 40),Královéhradecký kraj
35353,35-39,3093,2019-12-31,35 až 40 (více nebo rovno 35 a méně než 40),Pardubický kraj
33904,35-39,3107,2019-12-31,35 až 40 (více nebo rovno 35 a méně než 40),Kraj Vysočina
88757,35-39,3115,2019-12-31,35 až 40 (více nebo rovno 35 a méně než 40),Jihomoravský kraj
42622,35-39,3123,2019-12-31,35 až 40 (více nebo rovno 35 a méně než 40),Olomoucký kraj
39002,35-39,3131,2019-12-31,35 až 40 (více nebo rovno 35 a méně než 40),Zlínský kraj
79340,35-39,3140,2019-12-31,35 až 40 (více nebo rovno 35 a méně než 40),Moravskoslezský kraj
28760,30-34,3077,2019-12-31,30 až 35 (více nebo rovno 30 a méně než 35),Liberecký kraj
108645,30-34,3018,2019-12-31,30 až 35 (více nebo rovno 30 a méně než 35),Hlavní město Praha
90111,30-34,3026,2019-12-31,30 až 35 (více nebo rovno 30 a méně než 35),Středočeský kraj
41013,30-34,3034,2019-12-31,30 až 35 (více nebo rovno 30 a méně než 35),Jihočeský kraj
40230,30-34,3042,2019-12-31,30 až 35 (více nebo rovno 30 a méně než 35),Plzeňský kraj
18991,30-34,3051,2019-12-31,30 až 35 (více nebo rovno 30 a méně než 35),Karlovarský kraj
52641,30-34,3069,2019-12-31,30 až 35 (více nebo rovno 30 a méně než 35),Ústecký kraj
34454,30-34,3085,2019-12-31,30 až 35 (více nebo rovno 30 a méně než 35),Královéhradecký kraj
34134,30-34,3093,2019-12-31,30 až 35 (více nebo rovno 30 a méně než 35),Pardubický kraj
32388,30-34,3107,2019-12-31,30 až 35 (více nebo rovno 30 a méně než 35),Kraj Vysočina
83085,30-34,3115,2019-12-31,30 až 35 (více nebo rovno 30 a méně než 35),Jihomoravský kraj
40521,30-34,3123,2019-12-31,30 až 35 (více nebo rovno 30 a méně než 35),Olomoucký kraj
37283,30-34,3131,2019-12-31,30 až 35 (více nebo rovno 30 a méně než 35),Zlínský kraj
79871,30-34,3140,2019-12-31,30 až 35 (více nebo rovno 30 a méně než 35),Moravskoslezský kraj
82699,25-29,3018,2019-12-31,25 až 30 (více nebo rovno 25 a méně než 30),Hlavní město Praha
78697,25-29,3026,2019-12-31,25 až 30 (více nebo rovno 25 a méně než 30),Středočeský kraj
39308,25-29,3034,2019-12-31,25 až 30 (více nebo rovno 25 a méně než 30),Jihočeský kraj
35720,25-29,3042,2019-12-31,25 až 30 (více nebo rovno 25 a méně než 30),Plzeňský kraj
17662,25-29,3051,2019-12-31,25 až 30 (více nebo rovno 25 a méně než 30),Karlovarský kraj
50002,25-29,3069,2019-12-31,25 až 30 (více nebo rovno 25 a méně než 30),Ústecký kraj
26874,25-29,3077,2019-12-31,25 až 30 (více nebo rovno 25 a méně než 30),Liberecký kraj
32951,25-29,3085,2019-12-31,25 až 30 (více nebo rovno 25 a méně než 30),Královéhradecký kraj
32638,25-29,3093,2019-12-31,25 až 30 (více nebo rovno 25 a méně než 30),Pardubický kraj
32096,25-29,3107,2019-12-31,25 až 30 (více nebo rovno 25 a méně než 30),Kraj Vysočina
73462,25-29,3115,2019-12-31,25 až 30 (více nebo rovno 25 a méně než 30),Jihomoravský kraj
38665,25-29,3123,2019-12-31,25 až 30 (více nebo rovno 25 a méně než 30),Olomoucký kraj
35627,25-29,3131,2019-12-31,25 až 30 (více nebo rovno 25 a méně než 30),Zlínský kraj
75491,25-29,3140,2019-12-31,25 až 30 (více nebo rovno 25 a méně než 30),Moravskoslezský kraj
54717,20-24,3018,2019-12-31,20 až 25 (více nebo rovno 20 a méně než 25),Hlavní město Praha
59461,20-24,3026,2019-12-31,20 až 25 (více nebo rovno 20 a méně než 25),Středočeský kraj
29480,20-24,3034,2019-12-31,20 až 25 (více nebo rovno 20 a méně než 25),Jihočeský kraj
26244,20-24,3042,2019-12-31,20 až 25 (více nebo rovno 20 a méně než 25),Plzeňský kraj
13547,20-24,3051,2019-12-31,20 až 25 (více nebo rovno 20 a méně než 25),Karlovarský kraj
25231,20-24,3093,2019-12-31,20 až 25 (více nebo rovno 20 a méně než 25),Pardubický kraj
38818,20-24,3069,2019-12-31,20 až 25 (více nebo rovno 20 a méně než 25),Ústecký kraj
20749,20-24,3077,2019-12-31,20 až 25 (více nebo rovno 20 a méně než 25),Liberecký kraj
25827,20-24,3085,2019-12-31,20 až 25 (více nebo rovno 20 a méně než 25),Královéhradecký kraj
24768,20-24,3107,2019-12-31,20 až 25 (více nebo rovno 20 a méně než 25),Kraj Vysočina
51964,20-24,3115,2019-12-31,20 až 25 (více nebo rovno 20 a méně než 25),Jihomoravský kraj
28760,20-24,3123,2019-12-31,20 až 25 (více nebo rovno 20 a méně než 25),Olomoucký kraj
26746,20-24,3131,2019-12-31,20 až 25 (více nebo rovno 20 a méně než 25),Zlínský kraj
56720,20-24,3140,2019-12-31,20 až 25 (více nebo rovno 20 a méně než 25),Moravskoslezský kraj
50085,15-19,3018,2019-12-31,15 až 20 (více nebo rovno 15 a méně než 20),Hlavní město Praha
64023,15-19,3026,2019-12-31,15 až 20 (více nebo rovno 15 a méně než 20),Středočeský kraj
29464,15-19,3034,2019-12-31,15 až 20 (více nebo rovno 15 a méně než 20),Jihočeský kraj
25789,15-19,3042,2019-12-31,15 až 20 (více nebo rovno 15 a méně než 20),Plzeňský kraj
13686,15-19,3051,2019-12-31,15 až 20 (více nebo rovno 15 a méně než 20),Karlovarský kraj
40170,15-19,3069,2019-12-31,15 až 20 (více nebo rovno 15 a méně než 20),Ústecký kraj
20751,15-19,3077,2019-12-31,15 až 20 (více nebo rovno 15 a méně než 20),Liberecký kraj
25176,15-19,3085,2019-12-31,15 až 20 (více nebo rovno 15 a méně než 20),Královéhradecký kraj
23967,15-19,3093,2019-12-31,15 až 20 (více nebo rovno 15 a méně než 20),Pardubický kraj
23627,15-19,3107,2019-12-31,15 až 20 (více nebo rovno 15 a méně než 20),Kraj Vysočina
51270,15-19,3115,2019-12-31,15 až 20 (více nebo rovno 15 a méně než 20),Jihomoravský kraj
28574,15-19,3123,2019-12-31,15 až 20 (více nebo rovno 15 a méně než 20),Olomoucký kraj
26266,15-19,3131,2019-12-31,15 až 20 (více nebo rovno 15 a méně než 20),Zlínský kraj
55182,15-19,3140,2019-12-31,15 až 20 (více nebo rovno 15 a méně než 20),Moravskoslezský kraj
64762,10-14,3018,2019-12-31,10 až 15 (více nebo rovno 10 a méně než 15),Hlavní město Praha
82428,10-14,3026,2019-12-31,10 až 15 (více nebo rovno 10 a méně než 15),Středočeský kraj
34844,10-14,3034,2019-12-31,10 až 15 (více nebo rovno 10 a méně než 15),Jihočeský kraj
31479,10-14,3042,2019-12-31,10 až 15 (více nebo rovno 10 a méně než 15),Plzeňský kraj
16383,10-14,3051,2019-12-31,10 až 15 (více nebo rovno 10 a méně než 15),Karlovarský kraj
47353,10-14,3069,2019-12-31,10 až 15 (více nebo rovno 10 a méně než 15),Ústecký kraj
24864,10-14,3077,2019-12-31,10 až 15 (více nebo rovno 10 a méně než 15),Liberecký kraj
30160,10-14,3085,2019-12-31,10 až 15 (více nebo rovno 10 a méně než 15),Královéhradecký kraj
28139,10-14,3093,2019-12-31,10 až 15 (více nebo rovno 10 a méně než 15),Pardubický kraj
26948,10-14,3107,2019-12-31,10 až 15 (více nebo rovno 10 a méně než 15),Kraj Vysočina
61828,10-14,3115,2019-12-31,10 až 15 (více nebo rovno 10 a méně než 15),Jihomoravský kraj
34117,10-14,3123,2019-12-31,10 až 15 (více nebo rovno 10 a méně než 15),Olomoucký kraj
30440,10-14,3131,2019-12-31,10 až 15 (více nebo rovno 10 a méně než 15),Zlínský kraj
64239,10-14,3140,2019-12-31,10 až 15 (více nebo rovno 10 a méně než 15),Moravskoslezský kraj
75076,0-4,3018,2019-12-31,0 až 5 (více nebo rovno 0 a méně než 5),Hlavní město Praha
79884,0-4,3026,2019-12-31,0 až 5 (více nebo rovno 0 a méně než 5),Středočeský kraj
33725,0-4,3034,2019-12-31,0 až 5 (více nebo rovno 0 a méně než 5),Jihočeský kraj
30391,0-4,3042,2019-12-31,0 až 5 (více nebo rovno 0 a méně než 5),Plzeňský kraj
13831,0-4,3051,2019-12-31,0 až 5 (více nebo rovno 0 a méně než 5),Karlovarský kraj
41306,0-4,3069,2019-12-31,0 až 5 (více nebo rovno 0 a méně než 5),Ústecký kraj
23775,0-4,3077,2019-12-31,0 až 5 (více nebo rovno 0 a méně než 5),Liberecký kraj
27924,0-4,3085,2019-12-31,0 až 5 (více nebo rovno 0 a méně než 5),Královéhradecký kraj
27538,0-4,3093,2019-12-31,0 až 5 (více nebo rovno 0 a méně než 5),Pardubický kraj
26578,0-4,3107,2019-12-31,0 až 5 (více nebo rovno 0 a méně než 5),Kraj Vysočina
66656,0-4,3115,2019-12-31,0 až 5 (více nebo rovno 0 a méně než 5),Jihomoravský kraj
32659,0-4,3123,2019-12-31,0 až 5 (více nebo rovno 0 a méně než 5),Olomoucký kraj
29460,0-4,3131,2019-12-31,0 až 5 (více nebo rovno 0 a méně než 5),Zlínský kraj
60020,0-4,3140,2019-12-31,0 až 5 (více nebo rovno 0 a méně než 5),Moravskoslezský kraj
